{"mappings":[{"request":{"method":"GET","url":"\/scenario1\/1"},"response":{"headers":{"Content-Type":"application\/json"},"bodyFileName":".\/Scenario1\/1.json","status":200}},{"request":{"method":"GET","url":"\/scenario2\/1"},"response":{"headers":{"Content-Type":"application\/json"},"bodyFileName":".\/Scenario2\/1.json","status":200}},{"request":{"method":"GET","url":"\/scenario3\/1"},"response":{"headers":{"Content-Type":"application\/json"},"bodyFileName":".\/Scenario3\/1.json","status":200}},{"request":{"method":"GET","url":"\/scenario1\/2"},"response":{"headers":{"Content-Type":"application\/json"},"bodyFileName":".\/Scenario1\/2.json","status":200}},{"request":{"method":"GET","url":"\/scenario2\/2"},"response":{"headers":{"Content-Type":"application\/json"},"bodyFileName":".\/Scenario2\/2.json","status":200}},{"request":{"method":"GET","url":"\/scenario3\/2"},"response":{"headers":{"Content-Type":"application\/json"},"bodyFileName":".\/Scenario3\/2.json","status":200}},{"request":{"method":"GET","url":"\/scenario1\/3"},"response":{"headers":{"Content-Type":"application\/json"},"bodyFileName":".\/Scenario1\/3.json","status":200}},{"request":{"method":"GET","url":"\/scenario2\/3"},"response":{"headers":{"Content-Type":"application\/json"},"bodyFileName":".\/Scenario2\/3.json","status":200}},{"request":{"method":"GET","url":"\/scenario3\/3"},"response":{"headers":{"Content-Type":"application\/json"},"bodyFileName":".\/Scenario3\/3.json","status":200}},{"request":{"method":"GET","url":"\/scenario1\/4"},"response":{"headers":{"Content-Type":"application\/json"},"bodyFileName":".\/Scenario1\/4.json","status":200}},{"request":{"method":"GET","url":"\/scenario2\/4"},"response":{"headers":{"Content-Type":"application\/json"},"bodyFileName":".\/Scenario2\/4.json","status":200}},{"request":{"method":"GET","url":"\/scenario3\/4"},"response":{"headers":{"Content-Type":"application\/json"},"bodyFileName":".\/Scenario3\/4.json","status":200}},{"request":{"method":"GET","url":"\/scenario1\/5"},"response":{"headers":{"Content-Type":"application\/json"},"bodyFileName":".\/Scenario1\/5.json","status":200}},{"request":{"method":"GET","url":"\/scenario2\/5"},"response":{"headers":{"Content-Type":"application\/json"},"bodyFileName":".\/Scenario2\/5.json","status":200}},{"request":{"method":"GET","url":"\/scenario3\/5"},"response":{"headers":{"Content-Type":"application\/json"},"bodyFileName":".\/Scenario3\/5.json","status":200}},{"request":{"method":"GET","url":"\/scenario1\/6"},"response":{"headers":{"Content-Type":"application\/json"},"bodyFileName":".\/Scenario1\/6.json","status":200}},{"request":{"method":"GET","url":"\/scenario2\/6"},"response":{"headers":{"Content-Type":"application\/json"},"bodyFileName":".\/Scenario2\/6.json","status":200}},{"request":{"method":"GET","url":"\/scenario3\/6"},"response":{"headers":{"Content-Type":"application\/json"},"bodyFileName":".\/Scenario3\/6.json","status":200}},{"request":{"method":"GET","url":"\/scenario1\/7"},"response":{"headers":{"Content-Type":"application\/json"},"bodyFileName":".\/Scenario1\/7.json","status":200}},{"request":{"method":"GET","url":"\/scenario2\/7"},"response":{"headers":{"Content-Type":"application\/json"},"bodyFileName":".\/Scenario2\/7.json","status":200}},{"request":{"method":"GET","url":"\/scenario3\/7"},"response":{"headers":{"Content-Type":"application\/json"},"bodyFileName":".\/Scenario3\/7.json","status":200}},{"request":{"method":"GET","url":"\/scenario1\/8"},"response":{"headers":{"Content-Type":"application\/json"},"bodyFileName":".\/Scenario1\/8.json","status":200}},{"request":{"method":"GET","url":"\/scenario2\/8"},"response":{"headers":{"Content-Type":"application\/json"},"bodyFileName":".\/Scenario2\/8.json","status":200}},{"request":{"method":"GET","url":"\/scenario3\/8"},"response":{"headers":{"Content-Type":"application\/json"},"bodyFileName":".\/Scenario3\/8.json","status":200}},{"request":{"method":"GET","url":"\/scenario1\/9"},"response":{"headers":{"Content-Type":"application\/json"},"bodyFileName":".\/Scenario1\/9.json","status":200}},{"request":{"method":"GET","url":"\/scenario2\/9"},"response":{"headers":{"Content-Type":"application\/json"},"bodyFileName":".\/Scenario2\/9.json","status":200}},{"request":{"method":"GET","url":"\/scenario3\/9"},"response":{"headers":{"Content-Type":"application\/json"},"bodyFileName":".\/Scenario3\/9.json","status":200}},{"request":{"method":"GET","url":"\/scenario1\/10"},"response":{"headers":{"Content-Type":"application\/json"},"bodyFileName":".\/Scenario1\/10.json","status":200}},{"request":{"method":"GET","url":"\/scenario2\/10"},"response":{"headers":{"Content-Type":"application\/json"},"bodyFileName":".\/Scenario2\/10.json","status":200}},{"request":{"method":"GET","url":"\/scenario3\/10"},"response":{"headers":{"Content-Type":"application\/json"},"bodyFileName":".\/Scenario3\/10.json","status":200}},{"request":{"method":"GET","url":"\/scenario1\/11"},"response":{"headers":{"Content-Type":"application\/json"},"bodyFileName":".\/Scenario1\/11.json","status":200}},{"request":{"method":"GET","url":"\/scenario2\/11"},"response":{"headers":{"Content-Type":"application\/json"},"bodyFileName":".\/Scenario2\/11.json","status":200}},{"request":{"method":"GET","url":"\/scenario3\/11"},"response":{"headers":{"Content-Type":"application\/json"},"bodyFileName":".\/Scenario3\/11.json","status":200}},{"request":{"method":"GET","url":"\/scenario1\/12"},"response":{"headers":{"Content-Type":"application\/json"},"bodyFileName":".\/Scenario1\/12.json","status":200}},{"request":{"method":"GET","url":"\/scenario2\/12"},"response":{"headers":{"Content-Type":"application\/json"},"bodyFileName":".\/Scenario2\/12.json","status":200}},{"request":{"method":"GET","url":"\/scenario3\/12"},"response":{"headers":{"Content-Type":"application\/json"},"bodyFileName":".\/Scenario3\/12.json","status":200}},{"request":{"method":"GET","url":"\/scenario1\/13"},"response":{"headers":{"Content-Type":"application\/json"},"bodyFileName":".\/Scenario1\/13.json","status":200}},{"request":{"method":"GET","url":"\/scenario2\/13"},"response":{"headers":{"Content-Type":"application\/json"},"bodyFileName":".\/Scenario2\/13.json","status":200}},{"request":{"method":"GET","url":"\/scenario3\/13"},"response":{"headers":{"Content-Type":"application\/json"},"bodyFileName":".\/Scenario3\/13.json","status":200}},{"request":{"method":"GET","url":"\/scenario1\/14"},"response":{"headers":{"Content-Type":"application\/json"},"bodyFileName":".\/Scenario1\/14.json","status":200}},{"request":{"method":"GET","url":"\/scenario2\/14"},"response":{"headers":{"Content-Type":"application\/json"},"bodyFileName":".\/Scenario2\/14.json","status":200}},{"request":{"method":"GET","url":"\/scenario3\/14"},"response":{"headers":{"Content-Type":"application\/json"},"bodyFileName":".\/Scenario3\/14.json","status":200}},{"request":{"method":"GET","url":"\/scenario1\/15"},"response":{"headers":{"Content-Type":"application\/json"},"bodyFileName":".\/Scenario1\/15.json","status":200}},{"request":{"method":"GET","url":"\/scenario2\/15"},"response":{"headers":{"Content-Type":"application\/json"},"bodyFileName":".\/Scenario2\/15.json","status":200}},{"request":{"method":"GET","url":"\/scenario3\/15"},"response":{"headers":{"Content-Type":"application\/json"},"bodyFileName":".\/Scenario3\/15.json","status":200}},{"request":{"method":"GET","url":"\/scenario1\/16"},"response":{"headers":{"Content-Type":"application\/json"},"bodyFileName":".\/Scenario1\/16.json","status":200}},{"request":{"method":"GET","url":"\/scenario2\/16"},"response":{"headers":{"Content-Type":"application\/json"},"bodyFileName":".\/Scenario2\/16.json","status":200}},{"request":{"method":"GET","url":"\/scenario3\/16"},"response":{"headers":{"Content-Type":"application\/json"},"bodyFileName":".\/Scenario3\/16.json","status":200}},{"request":{"method":"GET","url":"\/scenario1\/17"},"response":{"headers":{"Content-Type":"application\/json"},"bodyFileName":".\/Scenario1\/17.json","status":200}},{"request":{"method":"GET","url":"\/scenario2\/17"},"response":{"headers":{"Content-Type":"application\/json"},"bodyFileName":".\/Scenario2\/17.json","status":200}},{"request":{"method":"GET","url":"\/scenario3\/17"},"response":{"headers":{"Content-Type":"application\/json"},"bodyFileName":".\/Scenario3\/17.json","status":200}},{"request":{"method":"GET","url":"\/scenario1\/18"},"response":{"headers":{"Content-Type":"application\/json"},"bodyFileName":".\/Scenario1\/18.json","status":200}},{"request":{"method":"GET","url":"\/scenario2\/18"},"response":{"headers":{"Content-Type":"application\/json"},"bodyFileName":".\/Scenario2\/18.json","status":200}},{"request":{"method":"GET","url":"\/scenario3\/18"},"response":{"headers":{"Content-Type":"application\/json"},"bodyFileName":".\/Scenario3\/18.json","status":200}},{"request":{"method":"GET","url":"\/scenario1\/19"},"response":{"headers":{"Content-Type":"application\/json"},"bodyFileName":".\/Scenario1\/19.json","status":200}},{"request":{"method":"GET","url":"\/scenario2\/19"},"response":{"headers":{"Content-Type":"application\/json"},"bodyFileName":".\/Scenario2\/19.json","status":200}},{"request":{"method":"GET","url":"\/scenario3\/19"},"response":{"headers":{"Content-Type":"application\/json"},"bodyFileName":".\/Scenario3\/19.json","status":200}},{"request":{"method":"GET","url":"\/scenario1\/20"},"response":{"headers":{"Content-Type":"application\/json"},"bodyFileName":".\/Scenario1\/20.json","status":200}},{"request":{"method":"GET","url":"\/scenario2\/20"},"response":{"headers":{"Content-Type":"application\/json"},"bodyFileName":".\/Scenario2\/20.json","status":200}},{"request":{"method":"GET","url":"\/scenario3\/20"},"response":{"headers":{"Content-Type":"application\/json"},"bodyFileName":".\/Scenario3\/20.json","status":200}},{"request":{"method":"GET","url":"\/scenario1\/21"},"response":{"headers":{"Content-Type":"application\/json"},"bodyFileName":".\/Scenario1\/21.json","status":200}},{"request":{"method":"GET","url":"\/scenario2\/21"},"response":{"headers":{"Content-Type":"application\/json"},"bodyFileName":".\/Scenario2\/21.json","status":200}},{"request":{"method":"GET","url":"\/scenario3\/21"},"response":{"headers":{"Content-Type":"application\/json"},"bodyFileName":".\/Scenario3\/21.json","status":200}},{"request":{"method":"GET","url":"\/scenario1\/22"},"response":{"headers":{"Content-Type":"application\/json"},"bodyFileName":".\/Scenario1\/22.json","status":200}},{"request":{"method":"GET","url":"\/scenario2\/22"},"response":{"headers":{"Content-Type":"application\/json"},"bodyFileName":".\/Scenario2\/22.json","status":200}},{"request":{"method":"GET","url":"\/scenario3\/22"},"response":{"headers":{"Content-Type":"application\/json"},"bodyFileName":".\/Scenario3\/22.json","status":200}},{"request":{"method":"GET","url":"\/scenario1\/23"},"response":{"headers":{"Content-Type":"application\/json"},"bodyFileName":".\/Scenario1\/23.json","status":200}},{"request":{"method":"GET","url":"\/scenario2\/23"},"response":{"headers":{"Content-Type":"application\/json"},"bodyFileName":".\/Scenario2\/23.json","status":200}},{"request":{"method":"GET","url":"\/scenario3\/23"},"response":{"headers":{"Content-Type":"application\/json"},"bodyFileName":".\/Scenario3\/23.json","status":200}},{"request":{"method":"GET","url":"\/scenario1\/24"},"response":{"headers":{"Content-Type":"application\/json"},"bodyFileName":".\/Scenario1\/24.json","status":200}},{"request":{"method":"GET","url":"\/scenario2\/24"},"response":{"headers":{"Content-Type":"application\/json"},"bodyFileName":".\/Scenario2\/24.json","status":200}},{"request":{"method":"GET","url":"\/scenario3\/24"},"response":{"headers":{"Content-Type":"application\/json"},"bodyFileName":".\/Scenario3\/24.json","status":200}}]}